{"cameraMode":{"drawMode":0,"name":"Shaded","section":"Shading Mode"},"sceneLighting":true,"audioPlay":false,"sceneViewState":{"showFog":true,"showMaterialUpdate":false,"showSkybox":true,"showFlares":true,"showImageEffects":true,"showParticleSystems":true},"in2DMode":false,"pivot":{"x":167.3583221435547,"y":206.51528930664063,"z":149.78042602539063},"rotation":{"x":0.380945086479187,"y":0.34316253662109377,"z":-0.15399570763111115,"w":0.8449563980102539},"size":249.77609252929688,"orthographic":false}